regime,seed,k,mean,variance,mean_error
affine_oracle,0,0,1.05,0.02,0.050000000000000044
affine_oracle,0,1,0.8490395924337293,0.020512183674900722,-0.15096040756627072
affine_oracle,0,2,1.4370592919040677,0.0200676507887183,0.43705929190406767
affine_oracle,0,3,-0.3122202383957789,0.02045139513097111,-1.3122202383957788
affine_oracle,0,4,4.817923374731338,0.02011856874049912,3.817923374731338
learned_affine,0,0,1.05,0.02,0.050000000000000044
learned_affine,0,1,-0.1178058385848999,0.689067542552948,-1.1178058385849
learned_affine,0,2,0.8051456212997437,0.42759081721305847,-0.19485437870025635
learned_affine,0,3,2.5311317443847656,0.1844019591808319,1.5311317443847656
learned_affine,0,4,0.3299095332622528,0.11799243092536926,-0.6700904667377472
learned_affine,1,0,1.05,0.02,0.050000000000000044
learned_affine,1,1,-0.40169429779052734,0.7323201894760132,-1.4016942977905273
learned_affine,1,2,0.40120813250541687,0.39621037244796753,-0.5987918674945831
learned_affine,1,3,2.4652044773101807,0.23921281099319458,1.4652044773101807
learned_affine,1,4,0.5472089052200317,0.1790870726108551,-0.45279109477996826
learned_affine,2,0,1.05,0.02,0.050000000000000044
learned_affine,2,1,-0.6129218339920044,0.7212941646575928,-1.6129218339920044
learned_affine,2,2,0.47285404801368713,0.491361141204834,-0.5271459519863129
learned_affine,2,3,2.615771532058716,0.44113287329673767,1.6157715320587158
learned_affine,2,4,0.5502578616142273,0.291659414768219,-0.4497421383857727
full_adjoint,0,0,1.05,0.02,0.050000000000000044
full_adjoint,0,1,-0.07056828588247299,0.7260820269584656,-1.070568285882473
full_adjoint,0,2,0.8602316379547119,0.45279207825660706,-0.13976836204528809
full_adjoint,0,3,3.5893726348876953,0.28963711857795715,2.5893726348876953
full_adjoint,0,4,0.8463966846466064,0.09585526585578918,-0.15360331535339355
full_adjoint,1,0,1.05,0.02,0.050000000000000044
full_adjoint,1,1,-0.07907529175281525,0.7027856707572937,-1.0790752917528152
full_adjoint,1,2,2.000399589538574,0.3654102385044098,1.0003995895385742
full_adjoint,1,3,1.413251519203186,0.1258702278137207,0.41325151920318604
full_adjoint,1,4,0.5957199335098267,0.054770685732364655,-0.40428006649017334
full_adjoint,2,0,1.05,0.02,0.050000000000000044
full_adjoint,2,1,-0.7519491910934448,0.7731522917747498,-1.7519491910934448
full_adjoint,2,2,0.15856477618217468,0.5655341148376465,-0.8414352238178253
full_adjoint,2,3,1.4629825353622437,0.4075572192668915,0.46298253536224365
full_adjoint,2,4,3.3155813217163086,0.3114387094974518,2.3155813217163086
full_adjoint_damped,0,0,1.05,0.02,0.050000000000000044
full_adjoint_damped,0,1,-0.07056828588247299,0.7260820269584656,-1.070568285882473
full_adjoint_damped,0,2,0.18871533870697021,0.572623610496521,-0.8112846612930298
full_adjoint_damped,0,3,0.8345990180969238,0.491604208946228,-0.16540098190307617
full_adjoint_damped,0,4,1.928094744682312,0.4287848174571991,0.928094744682312
full_adjoint_damped,1,0,1.05,0.02,0.050000000000000044
full_adjoint_damped,1,1,-0.07907529175281525,0.7027856707572937,-1.0790752917528152
full_adjoint_damped,1,2,0.4390801787376404,0.554633378982544,-0.5609198212623596
full_adjoint_damped,1,3,1.5277502536773682,0.4009539783000946,0.5277502536773682
full_adjoint_damped,1,4,2.2838382720947266,0.22543954849243164,1.2838382720947266
full_adjoint_damped,2,0,1.05,0.02,0.050000000000000044
full_adjoint_damped,2,1,-0.7519491910934448,0.7731522917747498,-1.7519491910934448
full_adjoint_damped,2,2,-0.21279539167881012,0.6277763843536377,-1.2127953916788101
full_adjoint_damped,2,3,0.19304440915584564,0.5621055960655212,-0.8069555908441544
full_adjoint_damped,2,4,0.6836708188056946,0.48006153106689453,-0.3163291811943054
