inner_steps,seed,mean,variance,oracle_mean,oracle_variance,mean_error_vs_oracle,variance_error_vs_oracle,abs_mean_error_vs_oracle,abs_variance_error_vs_oracle
100,0,-0.11605651676654816,0.6855422854423523,0.8490395924337293,0.020512183674900722,-0.9650961092002774,0.6650301017674516,0.9650961092002774,0.6650301017674516
100,1,-0.39425283670425415,0.7319228649139404,0.8490395924337293,0.020512183674900722,-1.2432924291379834,0.7114106812390397,1.2432924291379834,0.7114106812390397
100,2,-0.6169921159744263,0.7198278903961182,0.8490395924337293,0.020512183674900722,-1.4660317084081556,0.6993157067212175,1.4660317084081556,0.6993157067212175
500,0,-0.36507901549339294,0.39464297890663147,0.8490395924337293,0.020512183674900722,-1.2141186079271222,0.37413079523173076,1.2141186079271222,0.37413079523173076
500,1,-0.35285115242004395,0.3922082483768463,0.8490395924337293,0.020512183674900722,-1.2018907448537732,0.3716960647019456,1.2018907448537732,0.3716960647019456
500,2,-0.37447893619537354,0.42142000794410706,0.8490395924337293,0.020512183674900722,-1.2235185286291028,0.40090782426920635,1.2235185286291028,0.40090782426920635
1000,0,-0.22839389741420746,0.4640791118144989,0.8490395924337293,0.020512183674900722,-1.0774334898479367,0.4435669281395982,1.0774334898479367,0.4435669281395982
1000,1,-0.2618549168109894,0.47166821360588074,0.8490395924337293,0.020512183674900722,-1.1108945092447187,0.45115602993098003,1.1108945092447187,0.45115602993098003
1000,2,-0.175856813788414,0.48963290452957153,0.8490395924337293,0.020512183674900722,-1.0248964062221433,0.4691207208546708,1.0248964062221433,0.4691207208546708
2000,0,0.4525362253189087,0.13041706383228302,0.8490395924337293,0.020512183674900722,-0.3965033671148206,0.1099048801573823,0.3965033671148206,0.1099048801573823
2000,1,0.37181347608566284,0.21927641332149506,0.8490395924337293,0.020512183674900722,-0.47722611634806644,0.19876422964659435,0.47722611634806644,0.19876422964659435
2000,2,0.3638298213481903,0.1847859025001526,0.8490395924337293,0.020512183674900722,-0.485209771085539,0.16427371882525188,0.485209771085539,0.16427371882525188
