regime,seed,sample_count,terminal_mean,terminal_variance
affine_oracle,0,50000,291.9293212890625,0.020145945250988007
full_no_replay_damped_050,0,10000,1.6519237756729126,0.029285717755556107
full_no_replay_damped_050,1,10000,1.9288464784622192,0.01847384124994278
full_no_replay_damped_050,2,10000,1.851428747177124,0.02745586819946766
full_no_replay_damped_optimal,0,10000,1.016569972038269,0.035211559385061264
full_no_replay_damped_optimal,1,10000,0.9926810264587402,0.038024984300136566
full_no_replay_damped_optimal,2,10000,1.0035698413848877,0.038653869181871414
full_no_replay,0,10000,1.3224586248397827,0.026379577815532684
full_no_replay,1,10000,1.21036696434021,0.02460409328341484
full_no_replay,2,10000,1.1972136497497559,0.01863563247025013
full_replay_damped_050,0,10000,1.0523916482925415,0.03959507867693901
full_replay_damped_050,1,10000,1.0578733682632446,0.03787093237042427
full_replay_damped_050,2,10000,1.0835325717926025,0.032725971192121506
full_replay_damped_optimal,0,10000,1.009191870689392,0.03597347438335419
full_replay_damped_optimal,1,10000,0.9874282479286194,0.038737718015909195
full_replay_damped_optimal,2,10000,1.0131282806396484,0.03621711954474449
full_replay,0,10000,0.902993381023407,0.015175674110651016
full_replay,1,10000,1.3855563402175903,0.02527894824743271
full_replay,2,10000,0.905839741230011,0.015087209641933441
learned_affine,0,10000,0.8179004788398743,0.026771588250994682
learned_affine,1,10000,1.4396226406097412,0.01907774992287159
learned_affine,2,10000,1.4117146730422974,0.018543154001235962
